{
  "model_name": "charlm",
  "activation": "relu",
  "trials": [
    {
      "trial_id": 1,
      "train_loss": 0.8671324253082275,
      "val_loss": 1.5537720918655396,
      "train_accuracy": 73.9,
      "val_accuracy": 60.099999999999994,
      "training_time": 1583.0616383552551,
      "train_loss_history": [
        4.344427108764648,
        1.7562745809555054,
        1.4049310684204102,
        1.2773648500442505,
        1.1941473484039307,
        1.1342982053756714,
        1.075204849243164,
        1.0221015214920044,
        0.9665806293487549,
        0.9190139174461365,
        0.8666574954986572
      ],
      "val_loss_history": [
        4.343263149261475,
        1.9009883403778076,
        1.6181588172912598,
        1.5428085327148438,
        1.5016177892684937,
        1.4908276796340942,
        1.492893934249878,
        1.508813738822937,
        1.507541537284851,
        1.5496101379394531,
        1.5627535581588745
      ]
    },
    {
      "trial_id": 2,
      "train_loss": 0.876862108707428,
      "val_loss": 1.55269193649292,
      "train_accuracy": 71.5,
      "val_accuracy": 57.9,
      "training_time": 1413.3368175029755,
      "train_loss_history": [
        4.133676052093506,
        1.7894786596298218,
        1.407990574836731,
        1.2732776403427124,
        1.1992594003677368,
        1.1411421298980713,
        1.084201455116272,
        1.031010389328003,
        0.9824619889259338,
        0.9253586530685425,
        0.8807297348976135
      ],
      "val_loss_history": [
        4.136958122253418,
        1.9287182092666626,
        1.6284921169281006,
        1.532983660697937,
        1.4922943115234375,
        1.5013494491577148,
        1.4872348308563232,
        1.494542121887207,
        1.5221595764160156,
        1.5491043329238892,
        1.5518348217010498
      ]
    },
    {
      "trial_id": 3,
      "train_loss": 0.8744029402732849,
      "val_loss": 1.5601129531860352,
      "train_accuracy": 73.9,
      "val_accuracy": 57.699999999999996,
      "training_time": 1419.1185314655304,
      "train_loss_history": [
        4.235796928405762,
        1.752650260925293,
        1.417195439338684,
        1.2869688272476196,
        1.197921633720398,
        1.1405792236328125,
        1.0813560485839844,
        1.0299720764160156,
        0.9766082167625427,
        0.9308835864067078,
        0.8727937340736389
      ],
      "val_loss_history": [
        4.231199264526367,
        1.9034767150878906,
        1.6392019987106323,
        1.5519534349441528,
        1.510593295097351,
        1.4927949905395508,
        1.500464916229248,
        1.5060560703277588,
        1.5235751867294312,
        1.5507103204727173,
        1.5576565265655518
      ]
    }
  ],
  "reproducibility_metrics": [
    {
      "model_pair": "1_vs_2",
      "relative_pd": 0.9088090062141418,
      "prediction_differences": 937,
      "total_predictions": 1000
    },
    {
      "model_pair": "1_vs_3",
      "relative_pd": 0.8954566717147827,
      "prediction_differences": 922,
      "total_predictions": 1000
    },
    {
      "model_pair": "2_vs_3",
      "relative_pd": 0.9141363501548767,
      "prediction_differences": 949,
      "total_predictions": 1000
    }
  ],
  "avg_train_loss": 0.8727991580963135,
  "avg_val_loss": 1.5555256605148315,
  "std_val_loss": 0.0032735428764269605,
  "avg_train_accuracy": 73.10000000000001,
  "avg_val_accuracy": 58.56666666666666,
  "std_val_accuracy": 1.0873004286866714,
  "avg_relative_pd": 0.9061340093612671,
  "avg_training_time": 1471.838995774587,
  "timestamp": "2025-12-08T15:12:23.172893"
}