{
  "model_name": "charlm",
  "activation": "swish",
  "trials": [
    {
      "trial_id": 1,
      "train_loss": 1.0986676216125488,
      "val_loss": 1.4737662076950073,
      "train_accuracy": 65.8,
      "val_accuracy": 58.199999999999996,
      "training_time": 1628.2221496105194,
      "train_loss_history": [
        4.242772102355957,
        2.133413791656494,
        1.709266185760498,
        1.5154294967651367,
        1.404626727104187,
        1.326230525970459,
        1.266373872756958,
        1.2177422046661377,
        1.1764405965805054,
        1.1371594667434692,
        1.0993410348892212
      ],
      "val_loss_history": [
        4.243402004241943,
        2.177077293395996,
        1.8646751642227173,
        1.715437889099121,
        1.6155890226364136,
        1.554961085319519,
        1.514503836631775,
        1.5027248859405518,
        1.4781118631362915,
        1.4789881706237793,
        1.480982780456543
      ]
    },
    {
      "trial_id": 2,
      "train_loss": 0.9865127801895142,
      "val_loss": 1.5197851657867432,
      "train_accuracy": 67.9,
      "val_accuracy": 58.599999999999994,
      "training_time": 1620.0234351158142,
      "train_loss_history": [
        4.219778060913086,
        1.9383478164672852,
        1.557348608970642,
        1.390702486038208,
        1.3010215759277344,
        1.232550024986267,
        1.180669903755188,
        1.1333212852478027,
        1.0840972661972046,
        1.0321345329284668,
        0.9868668913841248
      ],
      "val_loss_history": [
        4.219951629638672,
        2.03719425201416,
        1.7506071329116821,
        1.6079096794128418,
        1.5355658531188965,
        1.5112498998641968,
        1.4968032836914062,
        1.4825036525726318,
        1.4887064695358276,
        1.5020626783370972,
        1.5155788660049438
      ]
    },
    {
      "trial_id": 3,
      "train_loss": 0.9965908527374268,
      "val_loss": 1.4985032081604004,
      "train_accuracy": 69.5,
      "val_accuracy": 59.5,
      "training_time": 1618.7787988185883,
      "train_loss_history": [
        4.2486891746521,
        2.038189649581909,
        1.5824885368347168,
        1.4155409336090088,
        1.312695026397705,
        1.2402549982070923,
        1.1860899925231934,
        1.1358368396759033,
        1.0886646509170532,
        1.0458261966705322,
        0.9941369891166687
      ],
      "val_loss_history": [
        4.244889736175537,
        2.110685348510742,
        1.7536582946777344,
        1.6336770057678223,
        1.5586493015289307,
        1.5080243349075317,
        1.4945404529571533,
        1.4845882654190063,
        1.490304708480835,
        1.4932559728622437,
        1.4986395835876465
      ]
    }
  ],
  "reproducibility_metrics": [
    {
      "model_pair": "1_vs_2",
      "relative_pd": 0.8987078070640564,
      "prediction_differences": 937,
      "total_predictions": 1000
    },
    {
      "model_pair": "1_vs_3",
      "relative_pd": 0.8873470425605774,
      "prediction_differences": 922,
      "total_predictions": 1000
    },
    {
      "model_pair": "2_vs_3",
      "relative_pd": 0.9035465717315674,
      "prediction_differences": 936,
      "total_predictions": 1000
    }
  ],
  "avg_train_loss": 1.0272570848464966,
  "avg_val_loss": 1.4973515272140503,
  "std_val_loss": 0.018804802626171048,
  "avg_train_accuracy": 67.73333333333333,
  "avg_val_accuracy": 58.76666666666666,
  "std_val_accuracy": 0.5436502143433384,
  "avg_relative_pd": 0.8965338071187338,
  "avg_training_time": 1622.3414611816406,
  "timestamp": "2025-12-08T17:48:01.704280"
}