{
  "model_name": "charlm",
  "activation": "gelu",
  "trials": [
    {
      "trial_id": 1,
      "train_loss": 0.8576006293296814,
      "val_loss": 1.5584678649902344,
      "train_accuracy": 73.4,
      "val_accuracy": 61.1,
      "training_time": 1417.089292049408,
      "train_loss_history": [
        4.264846324920654,
        1.9926129579544067,
        1.4962985515594482,
        1.3346229791641235,
        1.2354637384414673,
        1.1682220697402954,
        1.1029295921325684,
        1.0437514781951904,
        0.9829390048980713,
        0.9192112684249878,
        0.8564727306365967
      ],
      "val_loss_history": [
        4.264950752258301,
        2.0736987590789795,
        1.6780799627304077,
        1.5669933557510376,
        1.5009024143218994,
        1.4818614721298218,
        1.47613525390625,
        1.492777705192566,
        1.4941867589950562,
        1.533798098564148,
        1.5643103122711182
      ]
    },
    {
      "trial_id": 2,
      "train_loss": 0.9524357318878174,
      "val_loss": 1.5267632007598877,
      "train_accuracy": 70.39999999999999,
      "val_accuracy": 59.099999999999994,
      "training_time": 1414.8556971549988,
      "train_loss_history": [
        4.20164680480957,
        2.0762863159179688,
        1.5697747468948364,
        1.3811558485031128,
        1.2854385375976562,
        1.2180583477020264,
        1.1598660945892334,
        1.1049891710281372,
        1.0580345392227173,
        1.0041390657424927,
        0.9537731409072876
      ],
      "val_loss_history": [
        4.2022857666015625,
        2.1354713439941406,
        1.7610150575637817,
        1.5898010730743408,
        1.52254319190979,
        1.5033198595046997,
        1.4861557483673096,
        1.476332664489746,
        1.490504264831543,
        1.5110998153686523,
        1.525235891342163
      ]
    },
    {
      "trial_id": 3,
      "train_loss": 0.8285701870918274,
      "val_loss": 1.576735258102417,
      "train_accuracy": 74.1,
      "val_accuracy": 59.4,
      "training_time": 1409.0230247974396,
      "train_loss_history": [
        4.255659103393555,
        2.088731527328491,
        1.5146676301956177,
        1.331222653388977,
        1.222652792930603,
        1.1489959955215454,
        1.0825037956237793,
        1.019418478012085,
        0.9547479152679443,
        0.8952202796936035,
        0.8263895511627197
      ],
      "val_loss_history": [
        4.251865386962891,
        2.157623529434204,
        1.6977041959762573,
        1.5702600479125977,
        1.5011260509490967,
        1.4684594869613647,
        1.482853651046753,
        1.4877961874008179,
        1.510451078414917,
        1.5391604900360107,
        1.574936866760254
      ]
    }
  ],
  "reproducibility_metrics": [
    {
      "model_pair": "1_vs_2",
      "relative_pd": 0.9079357385635376,
      "prediction_differences": 942,
      "total_predictions": 1000
    },
    {
      "model_pair": "1_vs_3",
      "relative_pd": 0.8977758288383484,
      "prediction_differences": 929,
      "total_predictions": 1000
    },
    {
      "model_pair": "2_vs_3",
      "relative_pd": 0.9095547199249268,
      "prediction_differences": 935,
      "total_predictions": 1000
    }
  ],
  "avg_train_loss": 0.8795355161031088,
  "avg_val_loss": 1.553988774617513,
  "std_val_loss": 0.020645392007039777,
  "avg_train_accuracy": 72.63333333333334,
  "avg_val_accuracy": 59.86666666666667,
  "std_val_accuracy": 0.8806563209081962,
  "avg_relative_pd": 0.9050887624422709,
  "avg_training_time": 1413.656004667282,
  "timestamp": "2025-12-08T16:24:52.012257"
}