{
  "model_name": "nanotransformer",
  "activation": "swish",
  "trials": [
    {
      "trial_id": 1,
      "train_loss": 0.1910381317138672,
      "val_loss": 3.6904537677764893,
      "train_accuracy": 96.3,
      "val_accuracy": 50.3,
      "training_time": 1237.3640937805176,
      "train_loss_history": [
        4.260763645172119,
        1.5856759548187256,
        1.2389230728149414,
        1.053471565246582,
        0.8191490769386292,
        0.5817984938621521,
        0.38709044456481934,
        0.28447529673576355,
        0.23155438899993896,
        0.20560228824615479,
        0.19296735525131226
      ],
      "val_loss_history": [
        4.263900279998779,
        1.764377236366272,
        1.5673985481262207,
        1.640007734298706,
        1.8388113975524902,
        2.2048685550689697,
        2.6349446773529053,
        3.020440101623535,
        3.3195083141326904,
        3.5475494861602783,
        3.7026803493499756
      ]
    },
    {
      "trial_id": 2,
      "train_loss": 0.1809460073709488,
      "val_loss": 3.7231802940368652,
      "train_accuracy": 95.89999999999999,
      "val_accuracy": 49.1,
      "training_time": 1238.0752637386322,
      "train_loss_history": [
        4.278665065765381,
        1.5862045288085938,
        1.2345844507217407,
        1.0242130756378174,
        0.7791967988014221,
        0.5364411473274231,
        0.3552742898464203,
        0.26260486245155334,
        0.2160378098487854,
        0.19894687831401825,
        0.18215411901474
      ],
      "val_loss_history": [
        4.268410682678223,
        1.7726037502288818,
        1.5705687999725342,
        1.6650201082229614,
        1.9162222146987915,
        2.279330015182495,
        2.7128984928131104,
        3.0936498641967773,
        3.3896923065185547,
        3.5511434078216553,
        3.721130132675171
      ]
    },
    {
      "trial_id": 3,
      "train_loss": 0.1883782148361206,
      "val_loss": 3.7074592113494873,
      "train_accuracy": 96.39999999999999,
      "val_accuracy": 51.5,
      "training_time": 1240.4948363304138,
      "train_loss_history": [
        4.203779220581055,
        1.603407621383667,
        1.2479325532913208,
        1.0463567972183228,
        0.8205177783966064,
        0.57452392578125,
        0.3703218102455139,
        0.26991936564445496,
        0.22155387699604034,
        0.19573001563549042,
        0.18546506762504578
      ],
      "val_loss_history": [
        4.209796905517578,
        1.7777713537216187,
        1.5706350803375244,
        1.6506048440933228,
        1.8700023889541626,
        2.2449491024017334,
        2.660390853881836,
        3.0365827083587646,
        3.362851858139038,
        3.593024253845215,
        3.7131824493408203
      ]
    }
  ],
  "reproducibility_metrics": [
    {
      "model_pair": "1_vs_2",
      "relative_pd": 0.9352389574050903,
      "prediction_differences": 941,
      "total_predictions": 1000
    },
    {
      "model_pair": "1_vs_3",
      "relative_pd": 0.9330301284790039,
      "prediction_differences": 936,
      "total_predictions": 1000
    },
    {
      "model_pair": "2_vs_3",
      "relative_pd": 0.9405879378318787,
      "prediction_differences": 944,
      "total_predictions": 1000
    }
  ],
  "avg_train_loss": 0.18678745130697885,
  "avg_val_loss": 3.7070310910542807,
  "std_val_loss": 0.013363977589229576,
  "avg_train_accuracy": 96.19999999999999,
  "avg_val_accuracy": 50.300000000000004,
  "std_val_accuracy": 0.9797958971132706,
  "avg_relative_pd": 0.936285674571991,
  "avg_training_time": 1238.6447312831879,
  "timestamp": "2025-12-08T06:54:36.726853"
}